Organization Name,City,Address,Latitude,Longitude,Province/State,Sector/Type,Services Offered,Website,Email Address,Phone Number,Contact Name,Notes
SCORE Ann Arbor,"Ann Arbor, MI","1100 N Main St Ste 109, Ann Arbor, MI 48104",42.2939,-83.7467,MI,Entrepreneurship/Small Business/Non-Profit Support,"Free mentorship, business planning, SBA partner",https://www.score.org/annarborarea,,1-800-634-0245,,"Experienced entrepreneurs, corporate managers, and executives with diverse backgrounds and specialties. All advice is completely confidential."
University of Michigan's Innovation Partnerships,"Ann Arbor, MI","1600 Huron Pkwy, Building 520, 2nd Floor, Ann Arbor, MI 48109-2590",42.3009,-83.7033,MI,Educational Institution / Research and Commercialization,"Innovation, Research commercialization, startups, Commercialization, Licensing",https://innovationpartnerships.umich.edu/,kbsexton@umich.edu,734.763.0614,Kelly Sexton,"Exists to serve great minds nad maximize the potential of their ideas, their discoveries, and their inventions."
Arboretum Ventures,"Ann Arbor, MI","201 S Main St., 3rd Floor, Ann Arbor, MI 48104",42.280293,-83.748186,MI,VC and Funding,"Medtech, Diagnostics, Healthcare IT",https://www.arboretumvc.com/,info@arboretumvc.com,734.998.3689,,"Seed, Series A, Series B. A healthcare venture capital firm rooted in the Midwest."
University of Michigan's Life Sciences Institute,"Ann Arbor, MI","210 Washtenaw Ave, Ann Arbor, MI 48109, United States",42.27921,-83.73359,MI,Educational Institution / Research and Commercialization,"Life sciences, Biotechnology, Health tech",https://www.lsi.umich.edu/,andyalt@umich.edu,734 763-2340,"Andrew Alt, Ph.D.","Undergrads, graduate students, and postdocs Explores biological processes, structures, and functions at the finest scale to create impact on a global scale."
University of Michigan's M-City,"Ann Arbor, MI","2905 Baxter Road, Ann Arbor, MI 48109-2150",42.302,-83.705,MI,Educational Institution / Research and Commercialization,"Mobility, Autonomous vehicles, Smart cities. Industry, government, academica",https://mcity.umich.edu/,,(734) 764-2886,,"Hub for research, development, and deployment of mobility innovations."
National Center for Manufacturing Sciences (NCMS),"Ann Arbor, MI","3025 Boardwalk, Ann Arbor, MI 48108",42.2431,-83.7328,MI,Ecosystem & Business Networks,"Advanced manufacturing, innovation, technology",https://www.ncms.org/,contact@ncms.org,(800) 222-6267,,Brings together highly capable companies with providers and end users who need their innovations and solutions.
MichiganRise,"Ann Arbor, MI","325 E Grand River Ave, Suite 275, East Lansing, MI 48823",42.7346,-84.4808,MI,VC and Funding,"Early stage venture capital funding, startups",https://www.michiganrise.org/,info@michiganrise.com,(517) 884-1564,,Supports Michigan-based technology startups.
Ann Arbor SPARK,"Ann Arbor, MI","330 E Liberty St, Ann Arbor, MI 48104",42.2796,-83.7454,MI,Economic Development,"Startup support, tech incubation, business expansion",https://annarborusa.org/,phil@annarborusa.org,,Phil Santer,"Startup support, tech incubation, business expansion"
Amherst Fund,"Ann Arbor, MI","401 E Stadium Blvd, Ann Arbor, MI 48104",42.2769,-83.741,MI,VC and Funding,"Early stage VC investments, Later stage private quity investments",http://www.amherstfund.com/,info@amherstfund.com,7346622102,,Currently not considering new investments in privately held ventures.
"Therapeutic Systems Research Laboratories (TSRL), Inc.","Ann Arbor, MI","540 Avis Dr, Ann Arbor, MI 48108, United States",42.2226,-83.7263,MI,Educational Institution / Research and Commercialization,"Medical innovation, biotech",https://www.tsrlinc.com/,bd@tsrlinc.com,7346634423,,"Private, preclinical accelerator."
Desai Accelerator,"Ann Arbor, MI","701 Tappan Ave R2420, Ann Arbor, MI 48109",42.2737,-83.7395,MI,Accelerator/Incubator Programs,"Startup acceleration, entrepreneurship, business mentorship, internships",https://desaiaccelerator.umich.edu/,,,,"Provides internships, programs, and resources."
Merit Network,"Ann Arbor, MI","880 Technology Drive, Suite B, Ann Arbor, MI 48108-8963",42.2139,-83.745,MI,Ecosystem & Business Networks,"Digital networking, security, support",https://www.merit.edu/,info@merit.edu,734.527.5700,,Independent nonprofit corporation governed by Michigan's public universities.
Birmingham Angels,"Birmingham, MI","34300 Woodward Ave Suite #200, Birmingham, MI 48009",42.5517,-83.2151,MI,VC and Funding,"Fund scalable tech companies in a variety of stages, industies, and market verticals.",https://birminghamangels.org/,dyork@citysidevc.com,248.605.2029,,"Autonomive, SaaS, Wearble technology, Medical tech & telehealth, Agricutural & food tech, Fintech, Technology in motion, Blockchain software, AI, Digital media & intelligent commerce"
Michigan Venture Capital Association (MVCA),"Bloomfield Fields, MI","6632 Telegraph Rd #286, Bloomfield Hills, MI 48301",42.5419,-83.2854,MI,VC and Funding,"Venture capital, investments",https://michiganvca.org/,info@michiganvca.org,,,"Advocates for policies, connects members to entrepreneurial community"
PROTO Accelerator,"Lansing, MI","1000 S. Washington, Ste 201, Lansing, MI 48910",42.723,-84.5527,MI,Accelerator/Incubator Programs,"Startups, tech acceleration",https://www.protoaccelerator.com/,,517.643.1564,Anum Mughal,"Provides tech startups with capital, expertise, and accountability."
Detroit Regional Partnership,"Detroit, MI","1001 Woodward Ave Suite 800, Detroit, MI 48226",42.332,-83.0476,MI,Ecosystem & Business Networks,"Economic development, business attraction, project management",https://www.detroitregionalpartnership.com/,kent.spencer@detroitregionalpartnership.com,3135185600,Kent Spencer,Regional economic development
LIFT Tech,"Detroit, MI","1400 Rosa Parks Boulevard, Detroit, MI 48216",42.3262,-83.0686,MI,Accelerator/Incubator Programs,"Manufacturing innovation, tech advancement, systems engineering, talent development",https://lift.technology/,communications@almmii.org,(313) 309-9003,,Membership based organization.
TechStars Detroit,"Detroit, MI","1420 Washington Blvd, Detroit, MI 48226",42.3341,-83.0504,MI,Accelerator/Incubator Programs,"Startup acceleration, venture funding community partnerships, vetical network partnerships",https://www.techstars.com/accelerators,,,,"Global network, mentorship driven accelerator. "
Urban Tech Xchange (UTX),"Detroit, MI","1520 Woodward Ave, Suite 300, Detroit, MI 48226",42.3346,-83.0496,MI,Accelerator/Incubator Programs,"Urban innovation, smart cities, sustainability, energy, community health, accessibility, user experience",https://urbantechxchange.com/,info@urbantechxchange.com,313.220.2456,,"UTX is a Detroit-based lab for tech providers, developers, educators, and researchers committed to building equiatble and sustainable cities."
Rockbridge Growth Equity,"Detroit, MI","1555 Broadway St 4th Floor, Detroit, MI 48226",42.3352,-83.0459,MI,VC and Funding,"Tech, Growth-Stage",https://www.rbequity.com/,SukhbirSingh@rbequity.com,,"Sukhbir Singh, Director of Portfolio Resources Group","Series B, Growth."
Build Institute,"Detroit, MI","1620 Michigan Ave, Detroit, MI 48216",42.3256,-83.068,MI,Entrepreneurship/Small Business/Non-Profit Support,"Entrepreneur training, masterclasses, access to network",https://www.buildinstitute.org/,hello@buildinstitute.org,313.265.3590,,"Offers classes, networking events, mentorship, and connctions to resources."
500 Startups Detroit,"Detroit, MI","1701 Trumbull Ave, Detroit, MI 48216",42.325,-83.0703,MI,Accelerator/Incubator Programs,"Venture capital, startups, growth",https://www.500.co/,couldn't find online,,,Focused on the U.S. anbd global markets.
Detroit Smart Parking Lab,"Detroit, MI","1701 W. Lafayette Blvd, Detroit, MI 48216",42.3242,-83.0709,MI,Accelerator/Incubator Programs,"Smart parking technology, smart cities, urban transportation.",https://www.detroitsmartparkinglab.org/,,,,Offers collaboration and a neutral platform to examine ways to improve customer experiences and the efficient movement of vehicles and goods in defined spaces.
City of Detroit,"Detroit, MI","2 Woodward Ave, Detroit, MI 48226",42.32969,-83.04357,MI,Ecosystem & Business Networks,"Economic development, tech innovation",https://detroitmi.gov/,,,,Hub to learn about Detroit city services and resources.
NewLab Detroit,"Detroit, MI","2050 15th Street, Suite 312, Detroit, MI 48216, USA",42.3258,-83.0735,MI,Accelerator/Incubator Programs,"Tech innovation, design, and engineering",https://www.newlab.com/,brandoncorts@gmail.com,,"Brandon Corts, Engineer, Entrepreneur and Platform Lead.","Access to technical labs, prototyping, capability, and real-world testbeds; helps startups get to market faster."
Global Detroit,"Detroit, MI","2050 15th Street, Suite 312, Detroit, MI 48216, USA",42.3258,-83.0735,MI,Ecosystem & Business Networks,"Immigrant integration, economic development",https://www.globaldetroitmi.org/,rena@globaldetroitmi.org,,"Rena Dam, Global Talent Corporate Outreach Michigan Program Manager",Creates strategies to strengthen the region through immigrant inclusion.
University of Michigan Center for Innovation,"Detroit, MI","2121 Cass Ave, Detroit, MI 48201, United States",42.3357,-83.0526,MI,Educational Institution / Research and Commercialization,"Innovation, Research commercialization, Tech startups",https://detroit.umich.edu/umci/,,,,Expected to open in Spring 2027
"Michigan Economic Development Corporation, Office of Future Mobility & Electrification","Detroit, MI","300 N Washington Sq, Lansing, MI 48913",42.7362,-84.5513,MI,Ecosystem & Business Networks,"Mobility innovation, electric vehicles",https://www.michiganbusiness.org/ofme/,,888.522.0103,,Public and private partnerships to enhance Michigan's mobility ecosystem.
New Economy Initiative (NEI),"Detroit, MI","333 West Fort Street, Suite 2010, Detroit, MI 48226-3134",42.3281,-83.0497,MI,VC and Funding,"Grants, resources",https://neweconomyinitiative.org/,,(313) 961-6675,,Philanthropy-led entrepreneurial development strategy working to build a network of support for entrepreneurs and small businesses in southeast Michigan.
Wayne State University Division of Research & Innovation,"Detroit, MI","5057 Woodward Ave, Suite 6409, Detroit, MI 48202",42.3579,-83.0649,MI,Educational Institution / Research and Commercialization,"Higher education, Research, Innovation",https://research.wayne.edu/key-research,julie.oconnor@wayne.edu,313-577-8845,"O'Connor, Julie, Director, Research Communications","Various areas of research, including: big data, fundamental sciences, translational neurosciences."
ID Ventures,"Detroit, MI","4219 Woodward Ave, Suite 300, Detroit, MI 48201",42.3496,-83.0593,MI,VC and Funding,"Tech, Health, Mobility",https://idventures.com/,info@investdetroit.com,,,"Seed, Series A; Supports companies with high-growth potential in post-idea stage, seeking funding in the pre-seed to Series A rounds."
ProsperUs Detroit,"Detroit, MI","440 Burroughs St, Suite 360, Detroit, MI 48202",42.3649,-83.0727,MI,Entrepreneurship/Small Business/Non-Profit Support,"Training, financial coaching, business services, lending",https://prosperusdetroit.org/,info@prosperusdetroit.org,313-586-0655,,"Supports entrepreneurs with opportunities and capital to build businesses, generational wealth, and vibrant neighborhoods."
TechTown Detroit,"Detroit, MI","440 Burroughs St., Detroit, MI 48202",42.3649,-83.0727,MI,Accelerator/Incubator Programs,"Business incubator, tech startups",https://www.techtowndetroit.org/,jacobs@techtowndetroit.org,,"Jacob Evan Smith, Director, Mobility and Health Innovation","Offers programs and resources for small business owners, tech founders, and entrepreneurs."
Ecotek Lab,"Detroit, MI","440 Burroughs St, Suite 518, Detroit, MI 48202",42.3649,-83.0727,MI,Ideation and Scaling,"Clean technology, sustainable innovation",https://ecotek-us.com/,Ecoteklab@gmail.com,(313) 399-7893,,Science research organization creating opportunities for academically gifted middle and high school students.
Detroit Economic Growth Corp (DEGC)- Detroit Means Business,"Detroit, MI","500 Griswold St #2200, Detroit, MI 48226",42.3306,-83.0466,MI,Ecosystem & Business Networks,"Economic development, business expansion, Small business funding, mentorship, access to City services",https://www.degc.org/,dwhite@degc.org,3132374621,"DAVID WHITE, Vice President",Secondary link: https://www.detroitmeansbusiness.org/
Invest Detroit,"Detroit, MI","600 Renaissance Center, Suite 1710, Detroit, MI 48243",42.32806,-83.04083,MI,VC and Funding,"Venture capital, urban redevelopment revitalization",https://investdetroit.com/,info@investdetroit.com,313.259.6368,,"Strengthening neighborhoods, increasing density, growing job opportunities, supporting inclusivity"
100K Ideas,"Flint, MI","601 Saginaw St, Flint, MI 48502",43.0151,-83.6894,MI,Ideation and Scaling,"Innovation, prototyping, student ideas",https://100kideas.org/,hey@100kideas.org,​810-213-4720​,,"Vet entrepeneurial ideas to help in business development to anyone, regardless of prior experience or background."
Detroit Regional Chamber,"Detroit, MI","777 Woodward Ave, Suite 800, Detroit, MI 48226",42.3314,-83.0474,MI,Business Chamber/Association,"Economic growth, advocacy, leadership, regional collaboration",https://www.detroitchamber.com/,lostrow@detroitchamber.com,,"Lori Ostrow, Vice President, Member and Investor Relations",Creates a business-friendly climate and drives economic growth.
Innovate Michigan!,"Detroit, MI","777 Woodward Ave, Suite 800, Detroit, MI 48226",42.3314,-83.0474,MI,Ecosystem & Business Networks,"Tech innovation, economic development",https://michauto.org/innovate-michigan/,,,,"Collaboration between Detroit Regional Chamber and University of Michigan to foster innovation, technological advancement, and economiv growth from ANn Arbor to Detroit."
MichAuto,"Detroit, MI","777 Woodward Ave, Suite 800, Detroit, MI 48226",42.3314,-83.0474,MI,Ecosystem & Business Networks,"Automotive, technology, mobility innovation",https://www.michauto.org/,,,,"Promotes, retains, and grows auto industry as Michigan's only automotive and mobility association."
Fontinalis Partners,"Detroit, MI","One Woodward Ave, Suite 1600, Detroit, MI 48226",42.3289,-83.0456,MI,VC and Funding,"Mobility, Transportation, Logistics",https://www.fontinalis.com/,,,,"Series A, Growth, Mobility Focus Invests in early-stage startups in efficient movement, industrial innovation, and sustainability."
Wayne State University Office for Technology Commercialization,"Detroit, MI","5057 Woodward, Suite 6400, Detroit, MI 48202",42.3579,-83.0649,MI,Educational Institution / Research and Commercialization,"Technology commercialization, Licensing, Venture development",https://techtransfer.wayne.edu/,,313-577-5903,"Bramdon Stawiasz, Project Manager, Innovation Programs","Responsible for the identification, protection, marketing, and licensing of intellectual property developed by WSU faculty, staff, and corporate research alliances."
Red Cedar Ventures (Michigan State University),"East Lansing, MI","325 E Grand River Ave, Suite 200, East Lansing, MI 48823",42.7346,-84.4808,MI,VC and Funding,"Tech, Early-Stage",https://michiganvca.org/investor/red-cedar-ventures-msu/,,(517) 353-9268,,"Seed, Series A; supports startups emerging from Michigan State University."
MSU Research Foundation/Spartan Ventures,"East Lansing, MI","325 E Grand River Ave, East Lansing, MI 48823",42.7346,-84.4808,MI,Accelerator/Incubator Programs,"Research commercialization, startup support, funding",https://msufoundation.org/,,(517) 353-9268,,"Provides guidance on IP strategy, access to non-dilutive funding, expert mentorship."
MSU Innovation Center,"East Lansing, MI","325 East Grand River Ave., East Lansing, MI 48823",42.7346,-84.4808,MI,Accelerator/Incubator Programs,"Commercialization, Business Support",https://innovationcenter.msu.edu/,,(517) 353-9269,,Michigan State University's hub for creating partnerships that develop economic value.
Technology Innovation Center,"East Lansing, MI","366 W. Circle Drive (10), East Lansing, MI 48824 USA",42.7309,-84.4832,MI,Accelerator/Incubator Programs,"Coworking, startup support",https://msufoundation.org/east-lansing-tic/,,4147781400,,"Supports early stage technology startups in the Greater Lansing region. Offers private offices, colaborative workspaces, and startup services."
Beringea,"Farmington Hills, MI","32330 West 12 Mile Road, Farmington Hills, MI 48334",42.5063,-83.3776,MI,VC and Funding,"Entrepreneurs, scaling, growth",https://www.beringea.com/,info@beringea.com,2484899000,,"Series A, Series B, Growth; transatlantic VC investor"
The Ferris Wheel,"Flint, MI","615 Saginaw St, Flint, MI 48502",43.0148,-83.6893,MI,Innovation Hub / Coworking Space,"Office space, conference rooms, phones, wifi, printers",https://www.ferriswheelflint.com/,hey@ferriswheelflint.com,810-213-4710,,"Provides space for entrepreneurs in search for coworking spaces, engineers ready to collaborate, and connections to inspiring innovators."
Lansing Economic Area Partnership (LEAP),"Lansing, MI","1000 S Washington Ave, Lansing, MI 48910",42.723,-84.5527,MI,Ecosystem & Business Networks,"Economic development, business growth, regional growth",https://www.purelansing.com/,harrison@purelansing.com,,"Harrison Leffel-Jones, Vice President of Small Business & Innovation","Economic development organization represengint the tri-county region of Clinton, Eaton, and Ingham."
Small Business Association of Michigan (SBAM),"Lansing, MI","101 S. Washington Square Suite 900, Lansing, MI 48933",42.7333,-84.5518,MI,Business Chamber/Association,"Advocacy, small business resources, networking",https://www.sbam.org/,michael.brown@sbam.org,517.492.1234,Michael Brown | Chief Operating Officer,"Advocates for small businesses, brings business owners together to share knowledge, creates collaboration and partnerships, delivers group buying power."
Michigan Economic Development Corporation (MEDC),"Lansing, MI","300 N Washington Sq, Lansing, MI 48913",42.7362,-84.5513,MI,Economic Development,"Business attraction, incentives, community development",https://www.michiganbusiness.org/,grinnellm@michigan.org,,"Michelle Grinnell, Chief Communications & Attraction Officer",Assists businesses in their growth strategies and fosters the growth of vibrant communities across the state.
Lansing Regional Chamber of Commerce,"Lansing, MI","500 E Michigan Ave, Lansing, MI 48912",42.7325,-84.5419,MI,Business Chamber/Association,"Advocacy, networking, business resources",https://www.lansingchamber.org/,,517.487.6339,,"Supports Lansing-area businesses to connect, grow, and thrive."
Michigan Translational Research and Commercialization (MTRAC),"Houghton, MI","1400 Townsend Dr, Houghton, MI 49931",47.1216,-88.5694,MI,Educational Institution / Research and Commercialization,"Translational research, commercialization",https://www.mtu.edu/research/innovation/mtrac/,,,,Supports collaborative translational research projects led by researchers and business advisors.
Innovation Works,"Plymouth, MI","41100 Plymouth Rd Suite 345, Plymouth, MI 48170",42.3705,-83.4839,MI,Accelerator/Incubator Programs,"Innovation, startups, business development",https://www.innovationworks.com/,,412.681.1520,,Provides software and design services that transform ideas into interactive experiences.
OU Inc,"Rochester Hills, MI","419 Golf View Ln, Rochester, MI 48309",42.6626,-83.1866,MI,Accelerator/Incubator Programs,"Business acceleration, entrepreneurial and business startup resources, strategic business solutions technological innovation",https://www.oakland.edu/ouinc/,asmith18@oakland.edu,(248) 648-4829,"Agatha Smith, Business Manager","Focuses on companies specializing in alternative energy, advanced/additive manufacturing, advanced automotive, advanced technology innovations, IT & digital technologies, medical devices, and mobility technologies."
Centropolis,"Southfield, MI","21415 Civic Center Dr #100, Southfield, MI 48075",42.4739,-83.2441,MI,Accelerator/Incubator Programs,"Technology, innovation, programs, funding, expert guidance",https://www.centrepolisaccelerator.com/,info@centrepolisaccelerator.com,248-204-2453,,"Offers tailored programs, funding, expert guidance to support startups and established small businesses in transforming hardtech prototypes into market-ready products."
Automation Alley,"Troy, MI","2675 Bellingham Dr, Troy, MI 48083",42.560326,-83.11544,MI,Accelerator/Incubator Programs,"Automation, tech innovation, business growth programs, services",https://www.automationalley.com/,kampen@automationalley.com,2484573301,Nicole Kampe,"Equips businesses with knowledge, insights, and tools to develop a software-first mindset that leverages the power of automation, AI, and congitive technologies."
Michigan Small Business Development Center - State Headquarters,"Grand Rapids, MI","50 Front Ave. SW Grand Rapids, MI 49504",42.962015,-85.679395,MI,Ecosystem & Business Networks,"Small business development, entrepreneurship",https://www.sbdcmichigan.org/,hellinge@gvsu.edu,,"Lizz Hellinga, Assistant State Director, Technology, Strategy & Operations","Seidman Collage of Business, Grand Valley State University"
Michigan Small Business Development Center - Capital Region,"Lansing, MI","309 N. Washington Square, Suite 115, Lansing MI 48933",42.7359,-84.5516,MI,Ecosystem & Business Networks,"Small business development, entrepreneurship",https://www.sbdcmichigan.org/,hellinge@gvsu.edu,,"Lizz Hellinga, Assistant State Director, Technology, Strategy & Operations","Serving Clinton, Eaton, and Ingham counties. Lansing Community College."
Michigan Small Business Development Center - I-68 Trade Corridor Region,"Flint, MI","1700 University Ave. Campus Center, 5th Floor. Flint, MI 48504",43.013561,-83.713943,MI,Ecosystem & Business Networks,"Small business development, entrepreneurship",https://www.sbdcmichigan.org/,hellinge@gvsu.edu,,"Lizz Hellinga, Assistant State Director, Technology, Strategy & Operations","Serving Genesee, Huron, Lapeer, Sanilac, Shiawassee, St. Clair, and Tuscola counties. Kettering University."
Michigan Small Business Development Center - Lake Huron Region,"University Center, MI","7400 Bay Rd., C300 University Center, MI 48710",43.5136,-83.96116,MI,Ecosystem & Business Networks,"Small business development, entrepreneurship",https://www.sbdcmichigan.org/,hellinge@gvsu.edu,,"Lizz Hellinga, Assistant State Director, Technology, Strategy & Operations","Serving Alcona, Alpena, Arenac, Bay, Cheboygan, Crawford, Iosco, Midland, Montmorency, Ogemaw, Oscode, Otsego, Presque Isle, Roscommon, and Saginaw counties. Saginaw Valley State University."
Michigan Small Business Development Center - Greater Washtenaw Region,"Ann Arbor, MI","4800 East Huron Driver Dr. Morris Lawrence Building, Room 162. Ann Arbor, MI 48105",42.26256,-83.66229,MI,Ecosystem & Business Networks,"Small business development, entrepreneurship",https://www.sbdcmichigan.org/,hellinge@gvsu.edu,,"Lizz Hellinga, Assistant State Director, Technology, Strategy & Operations","Serving Hillsdale, Jackson, Lenawee, Livingston, Monroe, Wasthenaw counties. Washtenaw Community College."
Michigan Small Business Development Center - Mid Michigan Region,"Mr. Pleasant, MI","2600 S. Summerton Rd. Mt. Pleasant, MI 48858",43.60374923,-84.7295607,MI,Ecosystem & Business Networks,"Small business development, entrepreneurship",https://www.sbdcmichigan.org/,hellinge@gvsu.edu,,"Lizz Hellinga, Assistant State Director, Technology, Strategy & Operations","Serving Clare, Gladwin, Gratiot, and Isabella counties. Mid Michigan College."
Michigan Small Business Development Center - Northwest Region,"Cadillac, MI","9600 E. 13th St. Cadillac, MI 49601",44.26509767,-85.38465776,MI,Ecosystem & Business Networks,"Small business development, entrepreneurship",https://www.sbdcmichigan.org/,hellinge@gvsu.edu,,"Lizz Hellinga, Assistant State Director, Technology, Strategy & Operations","Serving Antrim, Benzie, Charlevoix, Emmet, Grand Traverse, Kalkaska, Leelanau, Manistee, Missaukee, and Wexford counties. Baker College."
Michigan Small Business Development Center - Southeast Region,"Ypsilanti, MI","109 Hill Hall, 1125 Oakwood St, Ypsilanti, MI 48197",42.25131905,-83.62913357,MI,Ecosystem & Business Networks,"Small business development, entrepreneurship",https://www.sbdcmichigan.org/,hellinge@gvsu.edu,,"Lizz Hellinga, Assistant State Director, Technology, Strategy & Operations","Serving Macomb, Oakland, and Wayne counties. Eastern Michigan University."
Michigan Small Business Development Center - Southwest Region,"Kalamazoo, MI","262 W. Walwood Hall, 741 Oakland Drive, Kalamazoo, MI 49008",42.28410197,-85.59771039,MI,Ecosystem & Business Networks,"Small business development, entrepreneurship",https://www.sbdcmichigan.org/,hellinge@gvsu.edu,,"Lizz Hellinga, Assistant State Director, Technology, Strategy & Operations","Serving Berrien, Branch, Calhoun, Cass, Kalamazoo, St. Joseph, and Van Buren counties. Western Michigan University."
Michigan Small Business Development Center - Upper Peninsula Region,"Houghton, MI","1400 Townsend Dr, Houghton, MI 49931",47.1216,-88.5694,MI,Ecosystem & Business Networks,"Small business development, entrepreneurship",https://www.sbdcmichigan.org/,hellinge@gvsu.edu,,"Lizz Hellinga, Assistant State Director, Technology, Strategy & Operations","Serving Alger, Baraga, Chippewa, Delta, Dickinson, Gogebic, Houghton, Iron, Keweenaw, Luce, Mackinac, Marquette, Menominee, ONtonagon, and Schoolcraft counties. Michigan Technological University."
Michigan Small Business Development Center - West Michigan Region,"Grand Rapids, MI","50 Front Ave. SW L. William Seidman Center, Suite 1081, Grand Rapids, MI 49504",42.96183434,-85.6792428,MI,Ecosystem & Business Networks,"Small business development, entrepreneurship",https://www.sbdcmichigan.org/,hellinge@gvsu.edu,,"Lizz Hellinga, Assistant State Director, Technology, Strategy & Operations","Serving Allegan, Barry, Ionia, Kent, Lake, Mason, Mecosta, Montcalm, Muskegon, Newaygo, Oceana, Osceola, and Ottawa counties. Grand Valley State University."
Assembly Ventures,"Detroit, MI","1555 Broadway St, 3rd Floor, Detroit, MI 48226",42.33631129,-83.04941012,MI,VC and Funding,"Mobility, Transportation",https://assemblyventures.com/,contact@assemblyventures.com,,,"Seed, Series A, Series B"
Augment Ventures,"Ann Arbor, MI","206 S 4th Ave, Ann Arbor, MI 48104",42.28028358,-83.74759966,MI,VC and Funding,"AI, Tech, Early-Stage, Fintech",https://www.augmentventures.com/,hello@augmentventures.com,,,"Seed, Series A, Series B. Provides strategy, networks, mentorship, capital."
BELLE Impact Fund,"Grosse Pointe Farms, MI","26 Windermere Pl, Grosse Pointe Farms, MI 48236",42.4137705,-82.886131,MI,VC and Funding,"Impact Investing, Women-Led Startups",https://www.bellefunds.com/,,,,"Seed, Series A, Series B. Receive access to BELLE's capital and a network of partners to support the success of portfolio companies."
Business Leaders for Michigan,"Detroit, MI","600 Renaissance Center, Suite 1760, Detroit, MI 48243-1802",42.33016242,-83.03833737,MI,Ideation and Scaling,"Economic development, advocacy",https://www.businessleadersformichigan.com/,Peterh@businessleadersformichigan.com,,"Peter Hill, Vice President of Strategic Initiatives","Develops strategies, raises awareness, advocates for policies, and champions initiatives that strengthen Michigan's economy."
Detroit Venture Partners (DVP),"Detroit, MI","1555 Broadway St, 3rd Floor, Detroit, MI 48226-2159",42.33631129,-85.6792428,MI,VC and Funding,"Venture capital, startups, scaling",https://www.detroit.vc/,info@detroit.vc,,,"Founded by Dan Gilbert, Rocket Companies Founder and Chairman, with a vision to grow Detroit's entrepreneurial community."
Global Epicenter of Mobility,"Detroit, MI","2050 15th St, Detroit, MI 48216",42.3258,-83.0735,MI,Economic Development,"Mobility innovation, startups",https://gemdetroitregion.com/,,,,"Creates a smart, secure, sustainable, and advanced mobility industry, starting with the transition to next-generation electric, autonomous, and fully connected vehicles."
"Goldman Sachs 10,000 Small Businesses","Detroit, MI","461 Burroughs, Detroit MI 48202",42.36461775,-83.07276573,MI,Ideation and Scaling,"Small business growth, education, entrepreneurship, financial support",http://10ksbdetroit.com/,,,,"Helps entrepreneurs create jobs and economic opportunity by providing them with greater access to education, financial capital, and business support services."
Ludlow Ventures,"Detroit, MI","1555 Broadway St, 3rd Floor, Detroit, MI 48226",42.33631129,-83.04941012,MI,VC and Funding,"Consumer Tech, SaaS, Web3",https://www.ludlowventures.com/,,,,"Seed, Series A, Series B"
Mercury Fund,"Detroit, MI","1420 Washington Blvd, Suite 301, Detroit, MI 48226",42.33416257,-83.05049573,MI,VC and Funding,"SaaS, Industrial Tech, Data",https://www.mercuryfund.com/,info@mercuryfund.com,713.715.6820,,"Seed, Series A.  Seeks out entrepreneurs in the early-stages of product-market fit and/or seeking to scale their startup."
Michigan Angel Fund,"Ann Arbor, MI","201 S Division Street, Suite 430, Ann Arbor, MI 48104",42.27992954,-83.7436831,MI,VC and Funding,"Tech, Early-Stage",https://www.miangelfund.com/,,,,"Seed, Angel. Provides funding to capital efficient early stage companies located in Michigan."
Michigan Capital Network,"Grand Rapids, MI","37 Ottawa Ave NW, Suite 200, Grand Rapids, MI 49503",42.96434826,-85.6716015,MI,VC and Funding,"Tech, Early-Stage",https://www.michigancapitalnetwork.com/,investments@michigancapitalnetwork.com,616 - 566 - 1770,,"Invests in life sciences, advanced manufacturing, advanced agriculture, software & IT."
Michigan Founders Fund,"Ann Arbor, MI","206 E Huron St, Suite 305, Ann Arbor, MI 48104",42.2813183,-83.746796,MI,Entrepreneurship/Small Business/Non-Profit Support,"Entrepreneur community, impact-driven startup support",https://michiganfoundersfund.org/,brittni@michiganfoundersfund.org,,"Brittni Abiolu, Program Manager, MFF Pre-Accelerator",Network of entrepreneurs and investors who have pledged 1% of equity or carry to support impactful local organizations in Michigan to better our communities and enrich quality of life.
Midwest House,"Grand Rapids, MI","40 Pearl St NW, Grand Rapids, MI 49503",42.96634384,-85.66988351,MI,Innovation Hub / Coworking Space,"Business innovation, culture, creative industries",https://www.midwesthouse.org/,,,,"Global showcase of talent and innovative thinking, as well as networking. Year-round events for innovators and creatives."
Michigan Small Business Support Hubs,"Okemos, MI","2501 Woodlake Circle, Okemos, MI 48864",42.67958732,-84.44234777,MI,Ecosystem & Business Networks,"Entrepreneurship, innovation, tech startups, community development",https://www.michigan.gov/leo/initiatives/mi-small-business,,888.522.0103,,"Programs such as small business lending, manufacturing technology grants, early stage funding, mobility funding, and the Michigan business development program."
Brampton Entrepreneur Centre,"Brampton, ON","41 George St S, Brampton, ON L6Y 2E1",43.6845,-79.7604,ON,Government Program - Business Centre,"Workshops, one-on-one help, resources, coworking",https://www.brampton.ca/EN/Business/BEC/Pages/Welcome.aspx,bec@brampton.ca,905-874-2650,,"City-run source for small business information, resources, and guidance."
Altitude Accelerator,"Brampton, ON","6 George Street South, Brampton, ON L6Y 1P1",43.68333,-79.76667,ON,Entrepreneurship/Small Business/Non-Profit Support,"Early-stage startups, advisory, IP support",https://altitudeaccelerator.ca/,info@altitudeaccelerator.ca,289-373-3050,,Not-for-profit innovation hub and business incubator committed to commercializing impactful technology.
"Rogers Cybersecure Catalyst, Toronto Metropolitan University","Brampton, ON","350 Victoria Street, Toronto, ON M5B 2K3",43.6574,-79.3802,ON,Accelerator/Incubator Programs,"Cybersecurity training, fellowship program",https://cybersecurecatalyst.ca/,catalystpress@torontomu.ca,-,Has a contact form on site: https://cybersecurecatalyst.ca/contact-us/,"Rogers Cybersecure Catalyst is Toronto Metropolitan University’s national centre for training, innovation and collaboration in cybersecurity."
Brantford-Brant Business Resource Enterprise Centre,"Brantford, ON","58 Dalhousie St, Brantford, ON N3T 2J2",43.13943,-80.26564,ON,Ecosystem & Business Networks,"Business consulting, training, funding access",https://www.brantford.ca/en/business-and-development/business-resource-centre.aspx,brc@brantford.ca,519-756-4269,,Offers free business advice with expert advisors who have hands-on business experience.
Laurier LaunchPad (Wilfrid Laurier University),"Brantford, ON","67 Darling St, Brantford, ON N3T 2K6",43.13943,-80.26564,ON,Accelerator/Incubator Programs,"Coaching, coworking, mentorship",https://students.wlu.ca/work-leadership-and-volunteering/entrepreneurship/launchpad-brantford/index.html,startuplabbrantford@wlu.ca,-,,"Supports Brantford & Waterloo campuses Provides resources, expertise and networks Guides through the DIscovery, Idea, Build, and Growth Phases."
TechPlace,"Burlington, ON","5500 North Service Rd, Burlington, ON L7L 6W6",43.39599,-79.76131,ON,Innovation Hub / Coworking Space,"Workspace, events, innovation support",https://www.techplace.ca/,info@techplace.ca,289-337-5505,,"An initiative of Burlington Economic Development and Tourism, TechPlace provides everything startups need to grow in one place."
Canadian Tooling & Machining Association (CTMA),"Cambridge, ON","140 McGovern Drive, Unit #3, Cambridge, ON N3H 4R7",43.4101,-80.3329,ON,Ecosystem & Business Networks,"Manufacturing, tooling, machining",https://www.ctma.com/,info@ctma.com,519-653-7265,,"Represents, supports, and promotes the interests of tooling & machining."
Economic Development Services - Chatham-Kent,"Chatham, ON","124 Thames St, Chatham, ON N7L 2Y8",42.4084,-82.1853,ON,Economic Development,"Business support, investment attraction, site selection",https://www.chatham-kent.ca/EconomicDevelopment/Pages/default.aspx,ckeds@chatham-kent.ca,1-866-542-5994,,"Municipal EDO for Chatham-Kent. Resources for businesses and small businesses, programs & grants available."
Small Business Centre Chatham-Kent,"Chatham, ON","124 Thames St, Chatham, ON N7L 2Y8",42.4084,-82.1853,ON,Entrepreneurship/Small Business/Non-Profit Support,"Advisory services, training, funding",https://www.chatham-kent.ca/EconomicDevelopment/yourbusiness/Pages/Locations.aspx,cksbc@chatham-kent.ca,519-351-7700,,Supports early-stage entrepreneursin Chatham-Kent.
SOAR Innovation,"Chatham, ON","202 King Street West Suite 300, Chatham, Ontario N7M 1E5",42.40527,-82.1878,ON,Accelerator/Incubator Programs,"Startup advisory, coworking, workshops",https://soarinnovation.com/,info@soarinnovation.com,519-397-3142,,"Not-for-profit, community centric organization that functions as an epicenter for entrepreneurship."
Essex Community Futures Development Corporation,"Essex, ON","39 Maidstone Ave E, Essex, ON N8M 2J3",42.1736,-82.8236,ON,VC and Funding ,"Business financing, counselling, rural development",https://cfessexcounty.ca/,help@cfessexcounty.ca,519-776-9297,,Not-for-profit dedicated to providing business financing and counselling to entrepreneurs in rural Essex County.
Bioenterprise Canada,"Guelph, ON","120 Research Lane, Suite 202, Guelph, ON N1G 0B4",43.524,-80.226,ON,Accelerator/Incubator Programs,"Agri-tech commercialization, funding access, mentoring",https://bioenterprise.ca/,info@bioenterprise.ca,519-821-2960,,Dedicated to advancing good and agri-tech innovation across Canada.
Innovation Centre at the University of Guelph,"Guelph, ON","50 Stone Rd E, Guelph, ON N1G 2W1",43.5329,-80.2262,ON,Educational Institution / Research and Commercialization,"Tech startups, Agri-tech, Sustainability, Innovation",https://www.uoguelph.ca/research/innovation/,researchinnovation@uoguelph.ca,519-824-4120 x. 58878,,"Supports researchers, entrepreneurs, and industry partners as they navigate the journey from idea to impact."
Ontario Agri-Food Innovation Alliance,"Guelph, ON","50 Stone Road East, Guelph, Ontario N1G 2W1",43.5329,-80.2262,ON,Educational Institution / Research and Commercialization,"Research funding, commercialization support, innovation collaboration, industry partnerships",https://www.uoguelph.ca/alliance/,rhallett@uoguelph.ca,519-824-4120 x. 54488,"Rebecca Hallett, Interim Associate Vice President","Collaboration that brings together the University of Guelph, the Ontario Ministry of Agriculture, Food and Agribusiness, and Agricultural Research and Innovation Ontario to deliver Ontario solutions with global impact."
Innovation Factory,"Hamilton, ON","175 Longwood Rd S #101A, Hamilton, ON L8P 0A1",43.25689,-79.90091,ON,Accelerator/Incubator Programs,"Workshops, funding & investment, IP programming, pitch competitions, early stage programming, peer networks",https://innovationfactory.ca/,info@innovationfactory.ca,905-667-2611,,"Elevates key indsutry sectors including advanced manufacturing, clean tech, IT, smart transportation, life sciences, health care, and social innovations."
The Forge: McMaster University,"Hamilton, ON","175 Longwood Rd S Suite B21, Hamilton, ON L8P 0A1",43.25689,-79.90091,ON,Accelerator/Incubator Programs,"Business acceleration, Tech startups, Entrepreneurship",https://theforge.mcmaster.ca/,info@theforge.mcmaster.ca,905-525-9140 x. 24748,,"The Forge is the business incubator for McMaster University and the Hamilton, Greater Toronto, and Niagara Regions."
Centre for Surgical Invention & Innovation (CSii),"Hamilton, ON","50 Charlton Avenue East, Rm T2140, Hamilton, ON L8N 1Y3",43.2488,-79.8708,ON,Accelerator/Incubator Programs,"Medical robotics and technology, innovation",https://www.csii.ca/,dvivian@stjoes.ca,905-746-8848,"Debra Vivian, Director of Communications",Accelerator committed to enhancing the quality and access to healthcare for all Canadians through the development and commercialization of innovative medical robotic technologies and novel techniques.
Hamilton Business Centre,"Hamilton, ON","71 Main St W, Hamilton, ON L8P 4Y5",43.2559,-79.8729,ON,Government Program - Business Centre,"Programs, workshops, courses, newsletter",https://investinhamilton.ca/hamilton-business-centre/,hbc@hamilton.ca,905-540-6411,,"Provides information, tools, and resources that entrepreneurs need to start and grow their businesses."
Launch Lab,"Kingston, ON","945 Princess St Suite 1101, Kingston, ON K7L 0E9",44.2435,-76.5113,ON,Innovation Hub / Coworking Space,"Business advisory, investment readiness, mentorship",https://www.launchlab.ca/,garrett.eilliott@launchlab.ca,343-276-0023,"Garrett Elliott, General Manager",Eastern Ontario focus. Help companies find success through innovation.
GreenCentre Canada,"Kingston, ON","945 Princess St Suite 1101, Kingston, ON K7L 0E9",44.2435,-76.5113,ON,Educational Institution / Research and Commercialization,"Commercializing green chemistry technologies, sustainable innovation partnerships.",www.greencentrecanada.com ,,,Site is down.,Provides technical services to SMEs based in Ontario that are developing technologies related to the Circular Economy.
Communitech,"Kitchener, ON","151 Charles St W, Kitchener, ON N2G 1H6",43.4512,-80.4983,ON,Ecosystem & Business Networks,"Technology, innovation, startup ecosystem, digital industries, venture funding",https://www.communitech.ca/,front.desk@communitech.ca,519-888-9944,,"Helps tech companies start, grow, and succeed in Waterloo Region."
Golden Triangle Angel Network (GTAN),"Kitchener, ON","210-137 Glasgow St Office 166, Kitchener, ON N2G 4X8",43.45128,-80.51338,ON,VC and Funding,"Health, Cleantech, ICT",https://www.gtan.ca/,info@gtan.ca,-,,"Invests into Canadian Angel, Pre-Seed, Seed, Series A technology companies."
Velocity Incubator,"Kitchener, ON","280 Joseph Street Suite 2000, Kitchener, ON N2G 4Z5",43.45177,-80.50126,ON,Accelerator/Incubator Programs,"Tech startups, Innovation, Office, Hardware, Labs",https://velocityincubator.ca/,-,519-804-2240,Has contact form on site.,Helps founders in the critical early stages of business building. Strengthened by the University of Waterloo.
Conestoga College SMART Centre,"Cambridge, ON","96 Grand Avenue South, Cambridge, ON N1S 2L9",43.35364939,-80.31780683,ON,Educational Institution / Research and Commercialization,"Applied research, manufacturing and tech training, entrepreneurship support, freelance Gig Lab",https://research.conestogac.on.ca/smart-centre,appliedresearch@conestogac.on.ca,519-748-5220,,"Hub for innovation, helping small, medium, and large businesses overcome challenges in manufacturing, IT, automotive, health tech, food and beverage manufacturing, and zero-emissions industries."
Medical Innovation Xchange (MIX),"Kitchener, ON","809 Wellington Street North, Unit 2, Kitchener, ON N2H 5L6",43.4628,-80.4756,ON,Innovation Hub / Coworking Space,"Medtech support, scale-up mentorship.",https://medicalinnovationxchange.com/,info@medicalinnovationxchange.com,-,,"MIX is a network of like-minded, Canadian medical and health technology companies who share the same vision and purpose; to grow their business in their own backyard, support patients and clinicians with truly innovative solutions and pay-it-forward by helping other medtech companies grow and succeed."
Centre for Horticultural Innovation,"Leamington, ON","4 Seneca Road, Leamington, ON N8H 5H7",42.0314,-82.5869,ON,Educational Institution / Research and Commercialization,"Research funding, commercialization support, innovation collaboration, industry partnerships",https://southsx.com/,-,519-322-5995,,"The Center for Horticultural Innovation is a dynamic institution committed to advancing horticultural sciences, fostering innovation, and supporting sustainable practices within the horticulture industry. "
Leap Junction (Fanshawe College),"London, ON","1001 Fanshawe College Blvd, Room D1060, London, ON N5V 2A5",43.0149,-81.1996,ON,Accelerator/Incubator Programs,"Student entrepreneurship, mentorship, business planning",https://www.leapjunction.ca/,leapjunction@fanshawec.ca,519-452-4430 x. 16190,,Entrepreneurial services for Fanshawe College students & alumni.
Propel Entrepreneurship (Western University),"London, ON","1151 Richmond St, London, ON N6A 3K7",43.0096,-81.2737,ON,Accelerator/Incubator Programs,"Mentorship, workshops, co-working, pitch competitions",https://entrepreneurship.uwo.ca/,eamorse@ivey.ca,-,"Eric Morse, Executive Director",Western University’s main entrepreneurship hub.
Pillar Nonprofit Network – Innovation Works,"London, ON","201 King Street London, ON, N6A 1C9",42.9827,-81.2475,ON,Entrepreneurship/Small Business/Non-Profit Support,"Social innovation, community-building, impact entrepreneurship.",https://pillarnonprofit.ca/,membership@pillarnonprofit.ca,519-433-7876,,"Delivers programs and services to strengthen the positive community impact of individuals, organizations, and entrerprises."
TechAlliance of Southwestern Ontario,"London, ON","333 Dufferin Ave, London, ON N6G 1Z3",42.9849,-81.2453,ON,Ecosystem & Business Networks,"Technology innovation, business growth meetups, funding, resources",https://www.techalliance.ca/,hello@techalliance.ca,226-781-7200,,TechAlliance empowers tech companies and entrepreneurs with free coaching and advisory services to grow Canada's vibrant tech community.
London Economic Development Corporation (LEDC),"London, ON","380 Wellington St Suite 701, London, ON N6A 5B5",42.9849,-81.2497,ON,Economic Development,"Business attraction/retention, cluster support",https://www.ledc.com/,-,519-661-4545 or 800-327-2428,,"Works with existing businesses in London and businesses considering expanding to London in the agri-food, manufacturing, digital media and tech, health, and professional services sectors."
Small Business Centre London,"London, ON","900 King St, London, ON N5W 5K3",42.9898,-81.22,ON,Government Program - Business Centre,"Training, mentorship, Starter Company Plus, Foodpreneur program",https://sbcentre.ca/,info@sbcentre.ca,519-659-2882 x.221,,Not-for-profit organization that provides training and support to starting and growing businesses.
Mississauga Business Entrepreneur Centre,"Mississauga, ON","100 City Centre Dr 2nd floor, Mississauga, ON L5B 2C9",43.5929,-79.6426,ON,Government Program - Business Centre,"Business guidance, starter programs mentorship, scale and commercialize solutions",https://www.ideamississauga.ca/,donna.heslin@mississauga.ca,905-615-4460,"Donna Heslin, Manager",City-wide ecosystem led by the Economic Development Division within the City of Mississauga's Planning and BUilding Department.
Northern Centre for Advanced Technology (NORCAT),"Mississauga, ON","151 Superior Blvd. Unit 8-10, Mississauga, ON L5T 2L1",43.6442,-79.6973,ON,Innovation Hub / Coworking Space,"Startup support, skills training, testing lab",https://www.norcat.org/innovation/,gta@norcat.org,647-317-0915,,Sudbury's Regional Innovation Centre focused on supporting early-stage tech startups and the people founding them. Provides access to key resources and connections.
ICUBE UTM (University of Toronto-Mississauga),"Mississauga, ON","3359 Mississauga Rd, Mississauga, ON L5L 1C6",43.5325,-79.6486,ON,Accelerator/Incubator Programs,"Coworking space, mentorship and support, training and programs, grants and resources",https://icubeutm.ca/,icube.utm@utoronto.ca,-,,Supports Social Entrepreneurs & Early-Stage Startups at University of Toronto-Mississauga.
Foresight Canada (Cleantech Accelerator),"Toronto, ON ","192 Spadina Ave, Suite 201, Toronto, ON M5T 2C2",43.65006143,-79.3975424,ON,VC and Funding,"Cleantech startup acceleration, funding access, mentoring.",https://foresightcac.com/,-,604-245-0042,,"As Canada's largest cleantech innovation and adoption accelerator, we connect public and private sector buyers with market-driven innovation—enhancing productivity, lowering costs, and creating high-quality jobs—powered by Canadian cleantech."
Niagara Falls Innovation Hub,"Niagara Falls, ON","4551 Zimmerman Ave, Niagara Falls, ON L2E 3M5",43.1223,-79.0617,ON,Innovation Hub / Coworking Space,"Startups, coworking, business programs",https://nfinnovationhub.ca/,dbordenave@nfinnovationhub.ca,289-650-1770,"Dan Bordenave, CEO","Empowers Niagara's entrepreneurs to build successful, scalable businesses through expert coaching, cutting-edge resources, and a vibrant comunity."
EDGE at Sheridan College,"Mississauga, ON","4226 Duke of York Blvd, Mississauga, ON L5B 0G5",43.5896,-79.6443,ON,Accelerator/Incubator Programs,"Membership, Programs, Workspace, Mentorship, Funding",https://edge.sheridancollege.ca/,edge@sheridancollege.ca,905-615-7955,,"Provides networks, resources, and expertise to turn ideas into impact. A Sheridan College initiative"
Bioindustrial Innovation Canada (BIC),"Sarnia, ON","1086 Modeland Road, Sarnia, ON N7S 6L2",42.9723,-82.3445,ON,Innovation Hub / Coworking Space,"Support for sustainable bioindustrial innovation, bioeconomy scaling, agri-tech commercialization",https://www.bincanada.ca/,mseagrave@bincanada.ca,-,"Meaghan Seagrave, Executive DIrector","Bioindustrial Innovation Canada provides critical strategic investment, advice and services to business developers of clean, green and sustainable technologies. "
Brock LINC (Brock University),"St. Catharines, ON","1812 Sir Isaac Brock Way, St. Catharines, ON L2S 3A1",43.11757,-79.24769,ON,Accelerator/Incubator Programs,"Idea validation, maker space, startup support",https://brocku.ca/linc/,brockLINC@brocku.ca,-,,"Provides support for the Brock and Niagara communities. Support for research commercialization, entrepreneurship, and industry partnerships, with a focus on helping Brock ideas and technologies get to market."
Innovate Niagara,"St. Catharines, ON","386 St. Paul Street Suite 102, St. Catharines, ON L2R 3N2",43.1593,-79.2436,ON,Innovation Hub / Coworking Space,"Mentorship, market intelligence, networking opportunities, funded resources, Niagara's Innovation Ecosystem",https://www.innovateniagara.com/site/home,-,905-685-3460,,"Niagara-wide services Helps entrepreneurs with innovation-based companies start, grow, and succeed."
UTEST (University of Toronto),"Toronto, ON","108 College Street, Suite W680, Toronto, ON M5G 0C6",43.6593,-79.3906,ON,Accelerator/Incubator Programs,"Early-stage deep tech & research startups, provides investment capital, mentoring, business strategy, and incubatino space.",https://utest.to/,kurtis.scissons@utoronto.ca,-,"Kurtis Scissons, Director",Provides support to University of Toronto entrepreneurs to create research-based companies. In partnership with Toronto Innovation Acceleration Partners (TIAP)
Humber Centre for Entrepreneurship,"Toronto, ON","205 Humber College Blvd, Toronto, Ontario M9W 5L7",43.72928,-79.606714,ON,Accelerator/Incubator Programs,"Student startups, bootcamps, co-working",https://humber.ca/cfe/,cfe@humber.ca,-,,"In collaboration with Humber's Centres of Innovation Netword, we provide interdisciplinary learning opportunities that equip students with strategic problem-solving skills and foster innovative thinking."
TMU Social Ventures Zone (TMU),"Toronto, ON","Toronto Metropolitan University KHS 45, 350 Victoria St, Toronto, ON M5B 2K3",43.6583,-79.378,ON,Accelerator/Incubator Programs,"Social entrepreneurship, mentorship, funding, work space",https://www.torontomu.ca/svz/,socialventures@torontomu.ca,416-979-5000 x. 557255,,"Work with innovators to develop their ventures, supporting them with coaching, training, work space, and funding opportunities."
TABIA (Toronto Association of BIAs),"Toronto, ON","100 Princes’ Blvd, Toronto, ON M6K 3C3",43.6353,-79.4111,ON,Business Chamber/Association,"Support for 84 BIAs, marketing, policy advocacy",https://www.toronto-bia.com/,info@toronto-bia.com,416-263-3229,,The voice of Toronto's BIAs.
MaRS Discovery District,"Toronto, ON","101 College Street, Suite 100, Toronto, ON M5G 1L7",43.6599,-79.3886,ON,Innovation Hub / Coworking Space,Targeted support for Canadian science and tech companies,https://marsdd.com/,community@marsdd.com,416-673-8100,,MaRS supports hundreds of companies at every stage of growth to achieve global impact and scale.
MaRS Discovery District - Health Sciences,"Toronto, ON","101 S. Washington Square Suite 900, Lansing, MI 48933",42.7333,-84.5518,ON,Accelerator/Incubator Programs,"Health innovation support, funding navigation, commercialization acceleration.",https://www.marsdd.com/our-sectors/health/,community@marsdd.com,416-673-8100,,"MaRS Health sciences connects innovators with capital, industry expertise and networks, helping ventures scale faster and make global impact."
Toronto Business Development Centre (TBDC),"Toronto, ON","111 Peter St, 9th Floor, Suite 902, Toronto, ON M5V 2H1",43.6479,-79.3925,ON,Accelerator/Incubator Programs,"Startup training, advisory services, access to funding",https://tbdc.com/,-,416-345-9437,,"Non-profit multi-sector incubator set up in 1990 by the City of Toronto, that brings 35 years of experience in building businesses and business networks in Ontario."
Next Canada,"Toronto, ON","175 Bloor St E Suite 1800, Toronto, ON M4W 3R8",43.671,-79.383,ON,Entrepreneurship/Small Business/Non-Profit Support,"Founder education, scaling support, mentorship",https://www.nextcanada.com/,info@nextcanada.com,-,,"Entrepreneurial network made up of 500+ top Canadian academics, entrepreneurs, investors, and founders."
Toronto Global,"Toronto, ON","225 King Street West Suite 901, Toronto, ON M5V 3M2",43.64678,-79.38822,ON,Ecosystem & Business Networks,"FDI support, Site Selection, International Investors",https://torontoglobal.ca/,info@torontoglobal.ca,416-981-3888,,"Understands specific needs and intersts of each company, and offers complimentary services that help streamline access to the information and connections they need most to make a well informed expansion decision."
Canada Foundation for Innovation (CFI),"Ottawa, ON","55 Metcalfe Street, Suite 100, Ottawa, ON K1P 6L5",45.4220725,-75.6966221,ON,Educational Institution / Research and Commercialization,Investments for research,https://www.innovation.ca/,info@innovation.ca,613-947-6496,,"Non-profit corporation that invests in research infrastructure at Canadian universities, colleges, research hospitals, and non-profit research institutions."
DMZ ,"Toronto, ON","10 Dundas Street East, 6th Floor, Toronto, ON M5B 2G9",43.6574,-79.3802,ON,Accelerator/Incubator Programs,"Startup acceleration, funding access, mentorship, pitch competitions",https://dmz.torontomu.ca/,dmz@torontomu.ca,416-979-5000 x. 552072,,"Tech incubator and global startup ecosystem that helps founders build high-impact ventures. Supports entrepreneurship at every stage, from early ideation to international expansion."
CyberNorth Ventures,"Toronto, ON","365 Bay Street, Suite 400, Toronto, ON M5H 2V1",43.651,-79.3809,ON,VC and Funding,Investments,https://www.cybernorthventures.com/,-,-,Unclear if still active. Has a contact form on website.,"Invests in seed stage technology companies focused within industries such as social media, big data, digital healthcare, cloud computing, nano-technology, security and mobile applications. Investments are focused within the Toronto-Waterloo corridor for solely Canadian companies."
Innovation York,"Toronto, ON","4700 Keele St, York University, Toronto, ON M3J 1P3",43.7735,-79.5019,ON,Educational Institution / Research and Commercialization,"Startup incubation, commercialization, research partnerships",https://www.yorku.ca/research/innovation-partnerships/,fmoses@yorku.ca,416-736--5479 or 416-736-2100 x. 58185,"Felix Moses, Senior Executive Officer","Facilitates collaboration with external partners such as startups, research institutions, community and government organizations, and businesses to co-create innovative solutions. Supports ventures at York University"
Centre for Social Innovation (CSI),"Toronto, ON","720 Bathurst St, Toronto, ON M5S 2R4",43.6632,-79.4108,ON,Innovation Hub / Coworking Space,"Social enterprise incubation, coworking space, innovation community-building.",https://socialinnovation.org/,info@socialinnovation.ca,416-979-3939 x. 2,,"Inspires and supports people to create, develop, adopt, and integrate new and renewed concepts and practices that put people and planet first."
Creative Destruction Lab (CDL),"Toronto, ON","Rotman School of Management, 105 St George St, Toronto, ON M5S 3E6",43.6653,-79.3983,ON,Accelerator/Incubator Programs,Venture acceleration for science-based startups mentorship,https://www.creativedestructionlab.com/,smallbusiness@toronto.ca,416-397-7220,,"Non-profit organization that delivers an objectives-based program for massively scalable, seed-stage, science and technology based companies."
Toronto Small Business Enterprise Centre,"Scarborough, ON","150 Borough Dr, Scarborough, ON M1P 4N6",43.7729,-79.2572,ON,Government Program - Business Centre,"Consultations, mentoring, business plan reviews, licensing support",https://www.toronto.ca/business-economy/new-businesses-startups/small-business-support/,,,,"The Toronto Small Business Enterprise Centre offers free guidance, information, and tools entrepreneurs need to start and grow their businesses."
Ontario Chamber of Commerce,"Toronto, ON","180 Dundas St W, Toronto, ON M5G 1Z8",43.6554,-79.3864,ON,Business Chamber/Association,"Policy, member support, promotion, provincial business representation",https://occ.ca/,lisakelly@occ.ca,416-482-5222,"Lisa Kelly, Business Development Manager","Independent, non-profit advocacy and member services organization representing a diverse network of 60,000 members."
Canadian Council for Aboriginal Business (CCAB),"Toronto, ON ","2 Berkeley Street, Suite 202 Toronto, Ontario M5A 4J5",43.65024,-79.36388,ON,Ecosystem & Business Networks,"Indigenous entrepreneurship, economic reconciliation initiatives, business development.",https://www.ccib.ca/,info@ccib.ca,416-961-8663,,"CCIB helps keep Indigenous businesses at the forefront of the Canadian economy, fostering relationships between Indigenous entrepreneurs and Canada’s institutional enterprises to cultivate shared prosperity."
Vineland Research and Innovation Centre,"Vineland Station, ON","4890 Victoria Avenue North, Box 4000, Vineland Station, ON L0R 2E0",43.1667,-79.4033,ON,Educational Institution / Research and Commercialization,"Agri-tech R&D, commercialization, partnerships, horticultural innovation",https://www.vinelandresearch.com/,info@vinelandreasearch.com,905-562-0320,,Canadian results-oriented organization dedicated to horticulture science and innovation.
Institute for Quantum Computing (IQC) (University of Waterloo),"Waterloo, ON","200 University Ave W, Waterloo, ON N2L 3G1",43.46896,-80.53926,ON,Educational Institution / Research and Commercialization,"Quantum computing, Research, Innovation",https://uwaterloo.ca/institute-for-quantum-computing,iqc-csi@uwaterloo.ca,-,,"World-leading quantum institute at the University of Waterloo, advancing the field of quantum information at the highest international level to discover and develop powerful new quantum technologies that will drive future economies."
Microelectronics Heat Transfer Laboratory (MHTL) (University of Waterloo),"Waterloo, ON","200 University Ave W, Waterloo, ON N2L 3G1",43.46896,-80.53926,ON,Educational Institution / Research and Commercialization,"Microelectronics, Engineering, Tech research",https://uwaterloo.ca/microelectronics-heat-transfer-laboratory/,rix@uwaterloo.ca,-,"Dr. Rick Culham, Professor","Provides research ervices related to analytical modelling, materials characterization, and experimental testing for a wide range of companies froms tart-ups to multi-nationals."
Waterloo Advanced Systems Lab (WASL),"Waterloo, ON","200 University Ave W, Waterloo, ON N2L 3G1",43.46896,-80.53926,ON,Educational Institution / Research and Commercialization,"Distributed systems, Network optimization, Data storage",https://wasl.uwaterloo.ca/,alkiswany@uwaterloo.ca,-,"Dr. Samer Al-Kiswany, Professor","Focuses on building the next generation of high performance, reliable, and scalable distributed systems."
Waterloo Advanced Technology Laboratory (WATLab),"Waterloo, ON","200 University Ave W, Waterloo, ON N2L 3G1",43.46896,-80.53926,ON,Educational Institution / Research and Commercialization,"Materials research, Emerging technologies, Instrumentation",https://uwaterloo.ca/waterloo-advanced-technology-laboratory,tong@uwaterloo.ca,519-888-4567,"Dr. Kam Tong Leung, Professor and Advisor",Offers a complete toolset for advanced materials research and emerging technology development.
Waterloo Institute for Nanotechnology (WIN),"Waterloo, ON","200 University Ave W, Waterloo, ON N2L 3G1",43.46896,-80.53926,ON,Educational Institution / Research and Commercialization,"Nanotechnology, Nanoscience, Research innovation",https://uwaterloo.ca/institute-nanotechnology,win-office@uwaterloo.ca,519-888-4567,,"Making fundamental breakthroughs, discoveries, and innovations that will have both local and global impact for all Canadians."
The Accelerator Centre,"Waterloo, ON","295 Hagey Blvd, Waterloo, ON N2L 6R5",43.477384,-80.549063,ON,Accelerator/Incubator Programs,"Startup acceleration, mentorship",https://www.acceleratorcentre.com/,info@acceleratorcentre.com,519-342-2400,,"Supports startups, provides mentorships, access to capital, networks, and platforms."
Perimeter Institute for Theoretical Physics,"Waterloo, ON","31 Caroline St N, Waterloo, ON N2L 2Y5",43.4654,-80.528,ON,Educational Institution / Research and Commercialization,"Physics, research, innovation",https://www.perimeterinstitute.ca/,-,519-569-7600,,"Leading centre for research, training, and outreach in theoretical physics."
David Johnston Research & Technology Park,"Waterloo, ON","200 University Ave W, GSC229, Waterloo, ON N2L 3G1",43.46896,-80.53926,ON,Educational Institution / Research and Commercialization,"Technology, Engineering, Startups",https://rtpark.uwaterloo.ca/,jenn.dawe@uwaterloo.ca,519-497-9178,"Jennifer Dawe, Manager","Committed to fostering the creation of cutting-edge technology by helping companies innovate, access talent, and tap into a world-class ecosystem of startups."
Quantum Valley Ideas Lab,"Waterloo, ON","Research Advancement Centre II, 485 Wes Graham Way, Waterloo, ON N2L 0A7",43.4784,-80.5556,ON,Accelerator/Incubator Programs,"Quantum computing, research",https://qvideaslab.ca/,info@qvil.ca,519-589-6327,,"Independent research laboratory in Waterloo, Ontario, with a mission to accelerate the commercialization of quantum technology for the economic and societal benefit of Canada."
Invest WindsorEssex,"Windsor, ON","119 Chatham St. W., Windsor, ON N9A 5M7",42.3178,-83.0405,ON,Economic Development,"Business attraction, mobility innovation, site selection",https://www.investwindsoressex.com/,info@InvestWindsorEssex.com,519-255-9987,,"Not-for-profit organization suppoted by the City of Windsor and County of Essex, responsibile for advancing economic development to grow and sustain prosperity in the region."
Small Business & Entrepreneurship Centre,"Windsor, ON","119 Chatham St. W., Windsor, ON N9A 5M7",42.3178,-83.0405,ON,Government Program - Business Centre,"Start-up services, workshops, grant navigation",https://www.webusinesscentre.com/,info@webusinesscentre.com,519-253-6900,,"A division of Invest WindsorEssex, in partnership with the Province of Ontario's Ministry of Economic Development, Job Creation and Trade."
St. Clair College Centre for Applied Research and Innovation (CARI),"Windsor, ON","2000 Talbot Rd W, Windsor, ON N9A 6S4",42.2539,-83.0307,ON,Educational Institution / Research and Commercialization,"Applied research, Innovation, Manufacturing, Tech",https://www.stclairresearch.ca/,kdhillon@stclaircollege.ca,519-966-1656 x. 4182,"Dr. Karamjeet Dhillon, Director",Partnership opportunities between organizations and students.
Automotive Parts Manufacturers' Association (APMA),"Windsor, ON","2285 Wyandotte Street West Suite 3006, Windsor, ON N9B 1K3",42.305,-83.066,ON,Ecosystem & Business Networks,"Automotive manufacturing, innovation",https://www.apma.ca/,info@apma.ca,-,,"Represents Canada's OEM supppliers to the global automotive sector, specializing in volume parts, tooling, automation, software, advanced materials, critical minerals, and EV battery technology."
WEtech Alliance,"Windsor, ON","167 Ferry Street, Suite 204, Windsor ON N9A 0C5",42.31826087,-83.04195322,ON,Accelerator/Incubator Programs,"Technology, Innovation",https://wetech-alliance.com/,ypilon@wetech-alliance.com,519-819-8254,"Yvonne Pilon, CEO","Non-profit organization hat provides entrepreneurs and companies with business services, training, IP, and commercialization support, mentorship and strategic connections to help bring new ideas to market, scale to the next level and build a dynamic culture and a community of innovation."
Windsor-Essex Regional Chamber of Commerce,"Windsor, ON","2565 Ouellette Ave. Suite 101, Windsor, ON N8X 1L9",42.28499,-83.01847,ON,Business Chamber/Association,"Local business, Economic development",https://wechamber.org/,mdumouchel@windsoressexchamber.org,519-966-3696 x. 230,"Matthew Dumouchel, Director of Operations","Offers resources, advocacy, and a powerful network to help your business grow and prosper."
Hackforge,"Windsor, ON","300 Ouellette Ave Suite 210, Windsor, ON N9A 7B4",42.3173,-83.0386,ON,Innovation Hub / Coworking Space,"Technology innovation, tech community",https://www.hackf.org/,info@hackf.org,888-960-7641 x. 4,,Building community and capacity around technology in Windsor and Essex County.
Workforce Windsor Essex,"Windsor, ON","3295 Quality Way, Suite 150, Windsor, ON N8T 3R9",42.3036,-82.9317,ON,Ecosystem & Business Networks,"Workforce development, newsletters",https://workforcewindsoressex.com/,jfalconer@workforcewindsoressex.com,226-674-3220,"Justin Falconer, CEO",The WE Jobs Portal has tools to help you achieve your career goals.
Automate Canada,"Windsor, ON","3475 Wheelton Dr., Windsor, Ontario N8W 0A6",42.2938,-82.9502,ON,Ecosystem & Business Networks,"Networking opportunities, professional development, advocacy, resources, discounts",https://www.automatecanada.com/,info@automatecanada.ca,519-817-6260,,Promote and develop the global exposure of the Canadian industrial automation industry.
Canadian Association of Moldmakers (CAMM),"Windsor, ON","3475 Wheelton Dr., Windsor, Ontario N8W 0A6",42.2938,-82.9502,ON,Ecosystem & Business Networks,"Moldmaking, manufacturing",https://www.camm.ca/,-,519-818-8866,"Nicole Vlanich, Executive Director","Promote, preserve, and protect the interests of Canadian mold makers."
University of Windsor’s Centre for Automotive Research (CAR),"Windsor, ON","401 Sunset Ave, Windsor, ON N9B 3P4",42.3063,-83.0659,ON,Educational Institution / Research and Commercialization,"Automotive research, Electric vehicles, Hybrid systems",https://www.uwindsor.ca/engineering/research/422/centre-automotive-research-and-education,pfrise@uwindsor.ca,519-253-3000 x. 3888,"Dr. Peter Frise, Director",Committed to conducting world-class research and educational initiatives that will enhance the Canadian automotive industry and its competitiveness in the global marketplace.
University of Windsor’s Great Lakes Institute for Environmental Research (GLIER),"Windsor, ON","2990 Riverside Dr W, WIndsor, ON N9C 4G3",42.30792039,-83.07318883,ON,Educational Institution / Research and Commercialization,"Environmental research, Sustainability, Green technologies",https://www.uwindsor.ca/glier/,Robert.Mckay@uwindsor.ca,519-253-3000 x. 2797 or x. 2732,"Dr. Mike McKay, Director",Addresses complex environmental problems that cross conventional disciplinary boundaries such as the effects of multiple environmental stressors on large lakes and their watersheds.
University of Windsor’s Institute for Diagnostic Imaging Research (IDIR),"Windsor, ON","688 University Ave W, Windsor, ON N9A 5R5",42.31574774,-83.04707547,ON,Educational Institution / Research and Commercialization,"Diagnostic imaging, Medical physics, Non-destructive testing",https://www.uwindsor.ca/idir/,beneteh@uwindsor.ca,519-977-7400 x. 223,"Sarah Beneteau, Administrative Manager","Conducts applied reseaerch, develops products, and handles product commercialization for a growing list of regional, national, and international clients."
Ontario Tourism Innovation Lab,"Windsor, ON","Tourism Innovation Lab c/o Hackforge, 300 Ouellette Ave, Suite 210, Windsor, ON N9A 7B4",42.3179,-83.0386,ON,Innovation Hub / Coworking Space,"Mentorship, incubation, micro-grants, tourism startup support, industry innovation",https://www.tourisminnovation.ca/,info@tourisminnovation.ca,-,,"The Tourism Innovation Lab is a non-profit initiative created to find, foster and support new tourism ideas, experiences and partnerships, to cultivate and propel collaborations between the tourism and tech sectors, and to build a community of tourism innovators, idea makers and entrepreneurs in Canada. "
Windsor Essex Capital Angel Network (WECAN),"Windsor, ON","Downtown Windsor Business Accelerator c/o Michelle Teno-Wachter, 966 Homedale Ave, Windsor, ON N8S 2T2",42.3277601,-82.95782748,ON,VC and Funding,"General Tech, Medtech, Green Tech",https://weangelnetwork.com/,info@weangelnetwork.com; cam@weangelnetwork.com,705-984-5337,"Cam Crowder, Interim Executive Director","Seek to invest in companies in which they can take an active interest through mentorship, financial investment and as potential business advisory board members or potential board of director members."
Invest Ontario,"Toronto, ON ","250 Yonge Street, 35th floor, Toronto, ON M5B 2L7",43.65459883,-79.38042705,ON,VC and Funding,"Economic development, business investment",https://www.investontario.ca/,info@InvestOntario.ca,416-313-3469,,Ontario's dedicated investment attraction agency.
Indigenous Innovation Initiative (Grand Challenges Canada),"Toronto, ON ","661 University Avenue, Toronto, ON M5G 1M1",43.65906,-79.38921,ON,Innovation Hub / Coworking Space,"Funding, capacity-building, innovation for Indigenous-led startups.",https://www.indigenousinnovate.org/,info@indigenousinnovate.org,437-228-3504,,"Goal is to empower First Nation, Inuit and Métis innovators and communities to identify and solve their own challenges, transform lives and drive inclusive growth, wellbeing and cultural revitalization through innovation. "
Vector Institute Toronto,"Toronto, ON","108 College St, Toronto, ON M5G 0C6",43.66039823,-79.38915613,ON,Educational Institution / Research and Commercialization,"AI adoption, AI development",https://vectorinstitute.ai,info@vectorinstitute.ai,-,,"Globally-renowned AI Institute that empowers researchers, businesses, and governments, to deveop and adopt AI responsibly."
Ontario Centre of Innovation (OCI),"Toronto, ON","325 Front St W Suite 300, Toronto, ON M5V 2Y1",43.64316076,-79.39030696,ON,Innovation Hub / Coworking Space,"Technology development, R&D, commercialization",https://www.oc-innovation.ca,apereira@oc-innovation.ca,416-861-1092,"Alicia Pereira, Vice President Marketing & Communications","Brings industry, academic, and government partners together to invest in collaborative R&D, technology development, and commercialization opportunities that generate the highest return on innovation for Ontarians."
Advanced Manufacturing Supercluster (NGen),"Hamilton, ON","175 Longwood Rd S, Hamilton, ON L8P 0A1",43.25684048,-79.90067563,ON,Ecosystem & Business Networks,"Funding, education, mentorship, development initiatives",https://www.ngen.ca,info@ngen.ca,-,,"Industry-led, non-profit organization leading Canada's Global Innovation Cluster for Advanced Mnufacturing."
Maple Leaf Angels (Toronto),"Toronto, ON","47 Colborne St, Toronto, ON M5E 1P8",43.6488987,-79.37483473,ON,VC and Funding,"Investments, fundings, support, early stage tech",https://mapleleafangels.com/,info@mapleleafangels.com,416-646-6235,,Group of high net worth private individuals who invest in and supoprt seed and early stage technology companies.
BDC Capital,"Windsor, ON","325 Devonshire Rd, Suite 330, Windsor, ON N8Y 2L3",42.3251629,-83.01376013,ON,VC and Funding,"Venture capital, growth & transition capital, growth equity partners",https://www.bdc.ca/en/bdc-capital,-,519-257-6811,,"Offers innovative solutions, often with terms and conditions tailored to emet the unique needs of entrepreneurs and innovators looking to raise capital for their growth and transition projects."
Mitacs,"Toronto, ON","100 College St, Toronto, ON M5S 1B4",43.67997628,-79.40534058,ON,Innovation Hub / Coworking Space,"Connecting to talent, financial support, manaigng innovation, training opportunities",https://www.mitacs.ca/,bd@mitacs.ca,-,,"Connects businesses and researchers. Provides resources needed to drive competitiveness and productivity in sectors such as digital technology, AI, energy, sustainable solutions, and advanced manufacturing."
Rise,"Toronto, ON","2 Carlton Street, Suite 1806, Toronto, ON M5B 1J3",43.66168103,-79.38284311,ON,Entrepreneurship/Small Business/Non-Profit Support,"Various entrepreneurship programs, mentorship low-interest loans, free training programs",https://www.risehelps.ca/,toronto@risehelps.ca,647-232-7473,,National organization dedicated to empowering people with mental health and addiciton challenges to achieve greater social and economic inclusion through entrepreneurship.
Google Developer Group - Windsor,"Windsor, ON","401 Sunset Ave, Windsor, ON N9B 3P4",42.3063,-83.0659,ON,Ecosystem & Business Networks,"Workshops, tech talks, conferences.",https://gdg.community.dev/gdg-windsor/,viviantangers@gmail.com,-,"Vivian Tang, Google Community Organizer",Local community hub of professional developers who share expertise and passion for Google's developer technology.
AngelOne Investor Network,"Burlington, ON","801-5500 North Service Road, Burlington, ON L7L 6W6",43.3959,-79.7613,ON,VC and Funding,"Early-Stage Startups, Tech Commercialization",https://www.angelonenetwork.ca/,hello@angelonenetwork.ca,-,,"Connects angel investors with startups. Member based, not-for-profit organization. Serves Toronto, Mississauga, Oakville, Burlington, Hamilton, and surrounding areas."